name,filename,mean_abs_delta_vs_A,mean_rel_delta_vs_A,mean_abs_rel_delta_vs_A,max_rel_delta_vs_A,share_delta_gt_0p1pct,share_delta_gt_0p3pct,share_delta_gt_1pct,corr_with_A,share_changed_stores
A_cluster_temporal,submissions/test_cluster_temporal_blend_v2.csv,0.0,0.0,0.0,0.0,0.0,0.0,0.0,1.0,0.0
B_decile,submissions/test_decile_cluster_temporal_v1.csv,45552.660835314084,0.0009750777033835568,0.0013499068625684111,0.01076557876450586,0.47470288624787776,0.10880426873635703,0.00048508367693427115,0.999992970998193,1.0
C_huber,submissions/test_temporal_huber_v2.csv,72930.67845306815,0.0016775850394758656,0.002276356853414026,0.03004089425707226,0.5938879456706282,0.3445549357264128,0.006500121270919233,0.9999852561968944,1.0
D_logratio,submissions/test_temporal_logratio_blend_v2.csv,72119.93804996362,0.001821742142653511,0.0022503830992979725,0.016004811403634536,0.4929905408682998,0.3551297598835799,0.00873150618481688,0.9999846193663966,1.0
E_prevbest,submissions/test_cluster_blend_v1.csv,86028.59835847684,0.0019961250739166944,0.0026858442635007656,0.02207373476101459,0.6270191608052389,0.37312636429784135,0.01896677176813,0.9999780721888732,1.0
F_old_temporal,submissions/test_temporal_ridge_ratio_v1.csv,77772.71988891583,0.0013521244843047624,0.0023814419839964782,0.039353073243165976,0.6599078341013825,0.3157409653165171,0.010914382731021102,0.9999804933066698,1.0
G_ridge_v2,submissions/test_temporal_ridge_v2.csv,78494.17773271892,0.0015715115394272043,0.002432757677985057,0.0246691518342966,0.6744118360417172,0.3590104292990541,0.008828522920203734,0.9999830758097747,0.9985447489691972
